Id,Start time,Completion time,Email,Name,Edad,Sexo,A√±o de estudio en el √°rea de la salud.,Que carrera esta cursando?,¬øC√≥mo calificar√≠a el estado actual de la infraestructura hospitalaria en Managua?,¬øHa notado mejoras en la infraestructura hospitalaria durante el per√≠odo 2020‚Äì2025?,Mencione almenos 3 cambios en la infraestructura hospitalaria que considere relevante que haya llevado a cabo nuestro gobierno revolucionario.,"¬øCon qu√© frecuencia ha observado el uso de  sistemas digitales (expedientes electr√≥nicos, telemedicina, im√°genes  digitales) durante sus pr√°cticas o rotaciones?",¬øCree que la incorporaci√≥n de nuevas tecnolog√≠as ha mejorado la atenci√≥n a los pacientes?,Mencione una tecnolog√≠a hospitalaria que considere m√°s importante en la actualidad.,"En su experiencia, ¬øla modernizaci√≥n hospitalaria ha mejorado la calidad de la atenci√≥n?",¬øQu√© aspecto considera que ha mejorado m√°s?¬†,¬øQu√© desaf√≠os persisten en la atenci√≥n hospitalaria a pesar de la modernizaci√≥n?,¬øCu√°les son las patolog√≠as m√°s frecuentes que ha observado en sus pr√°cticas?,¬øConsidera que la red hospitalaria est√° mejor preparada para atender estas patolog√≠as en comparaci√≥n con hace 5 a√±os?,"En general, ¬øc√≥mo calificar√≠a la modernizaci√≥n de la red hospitalaria p√∫blica en Managua (2020‚Äì2025)?  ",¬øQu√© recomendaci√≥n dar√≠a para mejorar la modernizaci√≥n hospitalaria en Nicaragua?
1,10/25/2025 6:55,10/25/2025 6:55,anonymous,,17‚Äì19 a√±os,Masculino,3,Odontolog√≠a,Muy buena,Si,jjjjjjjj,A veces,"S√≠, significativamente",lkkjjhhjjjj,Parcialmente,Disponibilidad de equipos;Tiempos de espera;,jjjjuuhh,Infecciosas;Cardiovasculares;,No,4,bbvhjjjjjjjj
2,10/27/2025 9:32,10/27/2025 9:35,anonymous,,Menos de 17 a√±os,Femenino,1,Licenciatura en Enfermer√≠a,Regular,Si,La atenci√≥n,A veces,"S√≠, significativamente","El personal,el ambiente y sus instalaciones",Si,Acceso a expedientes digitales;,Nose,"Respiratorias;Infecciosas;Cr√≥nicas (ej. diabetes, hipertensi√≥n);",Si,3,
3,10/27/2025 9:33,10/27/2025 9:35,anonymous,,17‚Äì19 a√±os,Femenino,1,Licenciatura en Bioan√°lisis Cl√≠nico,Buena,No estoyy seguro/a,No s√© hasta ahora estoy a estos lados ,Frecuentemente,"S√≠, de manera parcial",Aparatos mec√°nicos para lectura de an√°lisis ,Si,Tiempos de espera;Disponibilidad de equipos;Comodidad para pacientes;,El trato a los pacientes ,Infecciosas;,Si,2,No s√© 
4,10/27/2025 9:30,10/27/2025 9:35,anonymous,,17‚Äì19 a√±os,Femenino,3,Licenciatura en Bioan√°lisis Cl√≠nico,Buena,Si,"Ba√±os, salas de espera y salas de enfermos",Nunca,"S√≠, significativamente",Expedientes digitales ,Si,Acceso a expedientes digitales;,La poca paciencia de los pacientes ,"Cr√≥nicas (ej. diabetes, hipertensi√≥n);",Si,4,Pienso que todo est√° bien 
5,10/27/2025 9:59,10/27/2025 10:03,anonymous,,17‚Äì19 a√±os,Femenino,3,Doctor en Medicina y Cirug√≠a,Buena,Si,Una sala hospitalaria solo para personas oncol√≥gicas ,A veces,"S√≠, de manera parcial",Expedientes electronicos,No estoy seguro/a,Acceso a expedientes digitales;,El tiempo de espera del paciente,"Respiratorias;Cr√≥nicas (ej. diabetes, hipertensi√≥n);Infecciosas;Cardiovasculares;",Si,3,M√°s tecnolog√≠a medica
6,10/27/2025 10:05,10/27/2025 10:11,anonymous,,17‚Äì19 a√±os,Femenino,1,Licenciatura en Bioan√°lisis Cl√≠nico,Regular,Si,Mejor comodidad del paciente ,Frecuentemente,"S√≠, significativamente",La Disponibilidad de los equipos y los diagn√≥stico digitales,Si,Disponibilidad de equipos;Acceso a expedientes digitales;,...,"Infecciosas;Cr√≥nicas (ej. diabetes, hipertensi√≥n);Infecciones ;",Si,4,Mejores equipos 
7,10/27/2025 10:18,10/27/2025 10:27,anonymous,,17‚Äì19 a√±os,Femenino,1,Licenciatura en Enfermer√≠a,Muy buena,Si,1 excelente Bioseguridad para los pacientes 2 mejorar los entornos higi√©nicos 3 buen manejo de los equipos modernos üòÄ,Nunca,"S√≠, significativamente",Un historial cl√≠nico digital para registra r√°pido a los  pacientes üòÄ ,Si,Disponibilidad de equipos;,Pues q en algunos casos los hospitales se encuentran sobre cargados de pacientes y eso puede ser un factor de riesgo ‚ö†Ô∏è para los pacientes ,"Cr√≥nicas (ej. diabetes, hipertensi√≥n);",Si,5,
8,10/27/2025 10:40,10/27/2025 10:49,anonymous,,Menos de 17 a√±os,Masculino,1,Doctor en Medicina y Cirug√≠a,Muy buena,Si,"remodelacion del equipo medico , expancion de las areas medicas y la construccion de nuevas areas hospitalarias",Nunca,"S√≠, de manera parcial",la adquisici√≥n de equipos como resonadores magn√©ticos de 3 Tesla,Parcialmente,Disponibilidad de equipos;Comodidad para pacientes;,la poca atencion en lugares de dificil acceso pese ala modernizacion hay lugares donde no se cuenta con centros hospitalarios o puestos de salud,"Cr√≥nicas (ej. diabetes, hipertensi√≥n);",Si,4,"Adquisici√≥n de tecnolog√≠a avanzada. Se debe invertir en equipos tecnol√≥gicos de √∫ltima generaci√≥n, como en el caso de los laboratorios de simulaci√≥n m√©dica"
9,10/27/2025 11:21,10/27/2025 11:23,anonymous,,23‚Äì25 a√±os,Masculino,2,Licenciatura en Bioan√°lisis Cl√≠nico,Regular,Si,Equipos Extensi√≥n ,A veces,"S√≠, de manera parcial",Equipos de alta gama ,Parcialmente,Disponibilidad de equipos;,Ni idea ,"Infecciosas;Cr√≥nicas (ej. diabetes, hipertensi√≥n);",Si,4,
10,10/27/2025 11:18,10/27/2025 11:27,anonymous,,17‚Äì19 a√±os,Femenino,1,Licenciatura en Bioan√°lisis Cl√≠nico,Muy buena,Si,Modernizaci√≥n y ampliaci√≥n de la red hospitalaria p√∫blica.  Equipamiento y especializaci√≥n t√©cnica de hospitalesInfraestructura universitaria ligada a la salud y formaci√≥n profesional,Frecuentemente,"S√≠, significativamente",Equipos de simulaci√≥n avanzada ,Si,Tiempos de espera;,La organizaci√≥n del personal ,"Cr√≥nicas (ej. diabetes, hipertensi√≥n);",No estoy seguro/aOption 3,4,Fortalecer la investigaci√≥n e innovaci√≥n m√©dica
11,11/3/2025 14:19,11/3/2025 14:24,anonymous,,26 a√±os o m√°s,Masculino,5,Licenciatura en Nutrici√≥n,Buena,Si,"Intrumentos, formas de atenci√≥n y conocimiento ",Frecuentemente,"S√≠, de manera parcial",Quir√≥fanos ,Parcialmente,Comodidad para pacientes;Disponibilidad de equipos;Acceso a expedientes digitales;Tiempos de espera;,En concientizar ,"Respiratorias;Cr√≥nicas (ej. diabetes, hipertensi√≥n);",Si,5,Seguir mejorando 
12,11/3/2025 14:58,11/3/2025 15:02,anonymous,,17‚Äì19 a√±os,Masculino,3,Doctor en Medicina y Cirug√≠a,Regular,No estoyy seguro/a,"HAN se ha desarrollado mucho, al igual que el hospital Manolo Morales en cuesti√≥n de infraestructura",Rara vez,"S√≠, significativamente","Pues, digitalizaci√≥n de los documentos m√©dico legales",Parcialmente,Acceso a expedientes digitales;,"Espacio, veo mucha gente en los pasillos","Cr√≥nicas (ej. diabetes, hipertensi√≥n);",Si,3,"Como siempre, el espacio es vital para evitar propagaci√≥n de enfermedades, falta mucho espacio, es triste ver gente en los pasillos en una camilla"
13,11/3/2025 14:55,11/3/2025 15:02,anonymous,,23‚Äì25 a√±os,Masculino,3,Doctor en Medicina y Cirug√≠a,Buena,No estoyy seguro/a,Desconozco ,A veces,"S√≠, significativamente",Expedientes electr√≥nicos tienen un mejor acceso al registro del paciente ,Si,Disponibilidad de equipos;Acceso a expedientes digitales;,El tiempo de espera ,"Cr√≥nicas (ej. diabetes, hipertensi√≥n);Traum√°ticas;Cardiovasculares;Infecciosas;Respiratorias;Renales ;",Si,3,Seguir trabajando en reducir el tiempo de espera del patinete 
14,11/4/2025 16:56,11/4/2025 17:00,anonymous,,17‚Äì19 a√±os,Masculino,2,Doctor en Medicina y Cirug√≠a,Regular,No estoyy seguro/a,"Pintura , pisos y fachada ",Nunca,"S√≠, significativamente",Expedientes Electr√≥nicos ,Parcialmente,Tiempos de espera;,Aseo en las √°reas de atenci√≥n al paciente (olor principalmente),"Cr√≥nicas (ej. diabetes, hipertensi√≥n);",Si,3,Mayor ambientaci√≥n general 
15,11/4/2025 16:57,11/4/2025 17:01,anonymous,,17‚Äì19 a√±os,Femenino,3,Licenciatura en Anestesia y Reanimaci√≥n,Buena,Si,"Mejores salas de espera,  mejores quirofanos",A veces,"S√≠, significativamente",Mejores equipos de ortopedia ,Si,Disponibilidad de equipos;,Mucho tiempo de esperas para las citas m√©dicas ,"Infecciosas;Cr√≥nicas (ej. diabetes, hipertensi√≥n);",Si,4,Nuevas capacitaciones al personal medico 
16,11/4/2025 16:57,11/4/2025 17:02,anonymous,,23‚Äì25 a√±os,Masculino,2,Doctor en Medicina y Cirug√≠a,Muy buena,Si,"Nuevos hospitales en Ocotal, Waslala, Le√≥n y mejoramiento de Centros de Salud de mi Municipio",Rara vez,"S√≠, significativamente","Sistema Fleming, equipos de Laboratorio ",Si,Tiempos de espera;,La amabilidad de los doctores o enfermeros es deficiente,"Cr√≥nicas (ej. diabetes, hipertensi√≥n);",Si,5,Mejores Hospitales si pero mejores doctores y eso empieza con exigirle m√°s a los estudiantes en lugar de sistemas de evaluaci√≥n hechos a la medida para aprobar f√°cilmente 
17,11/4/2025 16:58,11/4/2025 17:02,anonymous,,17‚Äì19 a√±os,Femenino,2,Licenciatura en Anestesia y Reanimaci√≥n,Muy buena,Si,Muy buena infraestructura del Hospital Fernando V√©lez Paiz ,Frecuentemente,"S√≠, significativamente",Maquina de anestesia ,Si,Disponibilidad de equipos;,El tiempo de espera ,"Cr√≥nicas (ej. diabetes, hipertensi√≥n);",Si,3,Personal Mas empatico 
18,11/4/2025 16:58,11/4/2025 17:02,anonymous,,17‚Äì19 a√±os,Femenino,1,Odontolog√≠a,Buena,Si,Estoy en 1 a√±o pero me han comentado que las Cl√≠nicas,Nunca,"S√≠, significativamente",Radiograf√≠a ,Si,Comodidad para pacientes;,Mejor atenci√≥n ,Respiratorias;,No estoy seguro/aOption 3,5,
19,11/4/2025 16:57,11/4/2025 17:02,anonymous,,17‚Äì19 a√±os,Femenino,2,Licenciatura en Fisioterapia,Deficiente,Si,"Aparato el√©ctrico, m√°s centro de salud, m√°s salud p√∫blica ",Rara vez,"S√≠, de manera parcial",Las m√°quinas tecnol√≥gicas para tratamiento ,Si,Tiempos de espera;Disponibilidad de equipos;,Tiempo de espera ,"Cr√≥nicas (ej. diabetes, hipertensi√≥n);Respiratorias;",Si,3,Ser m√°s amable con los pacientes 
20,11/4/2025 17:00,11/4/2025 17:02,anonymous,,23‚Äì25 a√±os,Masculino,2,Licenciatura en Fisioterapia,Deficiente,No,Casi ninguno ,Nunca,No ha mejorado,.,No,De ninguna manera ;,Casi todo ,Traum√°ticas;,No estoy seguro/aOption 3,3,.
21,11/4/2025 16:58,11/4/2025 17:03,anonymous,,17‚Äì19 a√±os,Femenino,1,Doctor en Medicina y Cirug√≠a,Deficiente,Si,"Mas variedad de medicina, mejor atenci√≥n, mas recursos para investigar.",Frecuentemente,"S√≠, significativamente","Electrocardiograma, radiograf√≠as ",Parcialmente,Disponibilidad de equipos;Comodidad para pacientes;Acceso a expedientes digitales;,El tiempo ,"Cr√≥nicas (ej. diabetes, hipertensi√≥n);Cardiovasculares;",Si,4,
22,11/4/2025 16:59,11/4/2025 17:03,anonymous,,17‚Äì19 a√±os,Femenino,3,Licenciatura en Anestesia y Reanimaci√≥n,Regular,Si,Habilitaciones de nuevos sistemas de aire ,A veces,"S√≠, significativamente",Equipos de anestesia y monitoreo ,Si,Disponibilidad de equipos;,Sobrecarga de pacientes y personal poco capacitado ,"Cr√≥nicas (ej. diabetes, hipertensi√≥n);",Si,5,
23,11/4/2025 16:59,11/4/2025 17:04,anonymous,,17‚Äì19 a√±os,Masculino,2,Licenciatura en Microbiolog√≠a,Deficiente,Si,"Estacionamientos mas grandes, Nuevos hospitales y anpliacion en las salas de esperas ",A veces,"S√≠, de manera parcial",Fleming,Parcialmente,Tiempos de espera;,Mejor organizaci√≥n entre m√©dicos y laboratorios ,Infecciosas;,Si,5,"Aparte de mandar a los estudiantes a rotaci√≥n, explicarles tambi√©n c√≥mo funciona el software del hospital, que es de suma importancia en la actualidad  "
24,11/4/2025 16:58,11/4/2025 17:04,anonymous,,Menos de 17 a√±os,Femenino,1,Doctor en Medicina y Cirug√≠a,Regular,Si,m√°s variedad de medicina. mejor atenci√≥n.  m√°s m√©dicos al sevicio,A veces,"S√≠, significativamente",Todo es importante.,Si,Disponibilidad de equipos;,poco material ,"Cr√≥nicas (ej. diabetes, hipertensi√≥n);",Si,3,"invertir en infraestructura y equipos m√©dicos modernos, digitalizar los servicios con historias cl√≠nicas electr√≥nicas y telemedicina, fortalecer la capacitaci√≥n del personal de salud"
25,11/4/2025 16:59,11/4/2025 17:04,anonymous,,17‚Äì19 a√±os,Femenino,1,Doctor en Medicina y Cirug√≠a,Muy buena,Si,"Mejor atenci√≥n m√©dica, m√°s medicamentos, comodidad ",A veces,"S√≠, de manera parcial",Material de estudio ,Si,Acceso a expedientes digitales;,Poco material para evaluar diferentes patolog√≠a ,"Cr√≥nicas (ej. diabetes, hipertensi√≥n);",Si,4,Inversi√≥n en equipos tecnol√≥gicos 
26,11/4/2025 17:00,11/4/2025 17:05,anonymous,,17‚Äì19 a√±os,Masculino,1,Odontolog√≠a,Buena,Si,Todo esta bien,Rara vez,"S√≠, de manera parcial",Tomograf√≠as,Si,Tiempos de espera;Tiempo de citas;,Mejora en la administraci√≥n ,"Cr√≥nicas (ej. diabetes, hipertensi√≥n);",Si,5,Seguien con el mismo proyecto que tienen de construir mas hospitales 
27,11/4/2025 16:59,11/4/2025 17:06,anonymous,,17‚Äì19 a√±os,Masculino,3,Licenciatura en Fisioterapia,Regular,No,"Instrumentos, ",Frecuentemente,"S√≠, de manera parcial",Medios f√≠sicos y magn√©to terapia ,Si,Disponibilidad de equipos;Comodidad para pacientes;,"Monitoreo y periodo en la atenci√≥n de las citas m√©dicas, lo cual tardan demasiado en salir ","Respiratorias;Cardiovasculares;Infecciosas;Traum√°ticas;Cr√≥nicas (ej. diabetes, hipertensi√≥n);",Si,2,"La atenci√≥n de citas, la disponibilidad y organizaci√≥n del personal de salud "
28,11/4/2025 16:58,11/4/2025 17:08,anonymous,,17‚Äì19 a√±os,Femenino,3,Doctor en Medicina y Cirug√≠a,Buena,Si,1. Los nuevos equipos  2. Los nuevos hospitales. 3. Espacios m√°s amplios y con mejores condiciones para el paciente y familiar ,Frecuentemente,"S√≠, significativamente",El uso de los expedientes m√©dicos digitales o Fleming ,Si,Disponibilidad de equipos;,"Es necesario mejores espacios tambi√©n para el personal de la salud, as√≠ como se le facilita a los pacientes, mejores condiciones para los profesionales har√°n que puedan tener un mejor rendimiento, al menos en mi opini√≥n. ","Respiratorias;Infecciosas;Cardiovasculares;Traum√°ticas;Cr√≥nicas (ej. diabetes, hipertensi√≥n);",Si,5,"Pues yo veo que todo va bien, solo el peque√±o comentario que hice anteriormente "
29,11/4/2025 17:07,11/4/2025 17:10,anonymous,,17‚Äì19 a√±os,Femenino,2,Doctor en Medicina y Cirug√≠a,Regular,No estoyy seguro/a,M√°s limpio,Muy frecuentemente,"S√≠, significativamente",Lo de los expedientes ,Si,Acceso a expedientes digitales;,Hacer los hospitales m√°s grandes para que puedan llegar m√°s personas ,"Cr√≥nicas (ej. diabetes, hipertensi√≥n);",Si,4,M√°s grandes los hospitales 
30,11/4/2025 17:07,11/4/2025 17:13,anonymous,,17‚Äì19 a√±os,Femenino,2,Licenciatura en Nutrici√≥n,Deficiente,Si,Hay m√°s ambulancias.. hay m√°s acceso para personas discapacitadas.. hay m√°s materiales y equipos para atender a personas con patolog√≠as complicadas,Rara vez,"S√≠, significativamente","Las que se usan para tratar el c√°ncer,, las que se usan para detectar las enfermedades,, las que se usan en la quimioterapia ",Si,Comodidad para pacientes;,El manejo de expedientes y que se es dif√≠cil de interpretar las escrituras para hacer los distintos tipos de evaluaciones que tocan ,Respiratorias;,Si,4,"Usar estructuras m√°s modernas, y aumentar la calidad de equipos para las patolog√≠as complicada, enfocarse en prevenir las enfermedades mediante la educaci√≥n de los pacientes en respecto a sus posibles complicaciones y otros riesgos comunes"
31,11/4/2025 16:58,11/4/2025 17:14,anonymous,,17‚Äì19 a√±os,Femenino,1,Odontolog√≠a,Buena,Si,"Instalaci√≥n de lavamanos, modernizaci√≥n con tecnolog√≠a avanzada, construcci√≥n de nuevos centros de salud.",Nunca,"S√≠, significativamente",Registros de salud electr√≥nicos.,Si,Disponibilidad de equipos;,Insuficiencia de medicamentos.,No hemos tenido pr√°ctica ;,Si,3,"Que se brinden capacitaciones continuas y especializadas para m√©dicos, enfermeras y personal t√©cnico en el manejo de los nuevos equipos de alta tecnolog√≠a."
32,11/4/2025 17:07,11/4/2025 17:14,anonymous,,17‚Äì19 a√±os,Masculino,2,Licenciatura en Fisioterapia,Regular,No estoyy seguro/a,Honestamente no se porque no e ido a un hospital entonces no se.,Nunca,No estoy seguro/a,No s√© la verdad ,No estoy seguro/a,Tiempos de espera;Acceso a expedientes digitales;,No sabo yo,Traum√°ticas;,No estoy seguro/aOption 3,4,"Que los m√©dicos traten bien a los Px, y den una mejor atenci√≥n "
33,11/4/2025 17:03,11/4/2025 17:14,anonymous,,17‚Äì19 a√±os,Femenino,1,Doctor en Medicina y Cirug√≠a,Regular,Si,"Sala hemodi√°lisis, hospital Carlos Marx. Sala hemato-Oncologica de hospital Manolo Morales. Cl√≠nicas m√≥viles en todo el pa√≠s ",Rara vez,"S√≠, de manera parcial",M√°quina de TC ,Parcialmente,Disponibilidad de equipos;,Tiempo de espera,(estoy en primer a√±o);,Si,4,"No soy experta, pero pienso que tanto una mejor infraestructura, como la incorporaci√≥n de t√©cnicas avanzadas por medio de herramientas digitales (Como la pr√°ctica de una cirug√≠a en realidad virtual) pueden ayudar a promover el entorno hospitalario, brindando as√≠ un entorno m√°s adaptado a futuras necesidades"
34,11/4/2025 17:09,11/4/2025 17:15,anonymous,,23‚Äì25 a√±os,Masculino,3,Odontolog√≠a,Muy buena,Si,"Mejoria del hospital Fernando Velez Paiz, Camas UCI yModernizaci√≥n de Unidades Especializadas en el Hospital Manolo Morales ",A veces,"S√≠, de manera parcial",Expedientes digitales ,No,En el hospital Fernando Velez Paiz la atenci√≥n fue deficiente y en la recepci√≥n se tardo mucho tiempo en el √°rea de emergencias ;,"Mas humanismo, mejor atenci√≥n, agilidad en la atenci√≥n ",Respiratorias;,Si,4,Mejoras en las salas de espera 
35,11/4/2025 17:08,11/4/2025 17:16,anonymous,,17‚Äì19 a√±os,Femenino,1,Licenciatura en Enfermer√≠a,Buena,Si,"Techo, pared,equipos de salud ",Frecuentemente,"S√≠, de manera parcial",L√°mpara quir√∫rgicas LED,Si,Disponibilidad de equipos;,Saturacion hospitalaria,"Cr√≥nicas (ej. diabetes, hipertensi√≥n);",Si,3," recomiendo capacitar al personal de salud y actualizar los equipos m√©dicos en todos los hospitales del pa√≠s, promoviendo el uso de tecnolog√≠a moderna sin perder el trato humano y la calidad en la atenci√≥n."
36,11/4/2025 17:06,11/4/2025 17:19,anonymous,,17‚Äì19 a√±os,Femenino,2,Licenciatura en Enfermer√≠a,Buena,Si,Han ido mejorando y haciendo nuevos hospitales en zonas rurales,Frecuentemente,"S√≠, significativamente",Computadora ,Si,Acceso a expedientes digitales;,"Falta de equipos como los monitores de signos vitales,  falta de camas en √°reas,  espacio reducido. ","Cr√≥nicas (ej. diabetes, hipertensi√≥n);",Si,5,"Mejorar m√°s la infraestructura de algunos hospitales,  agregar m√°s camas en algunas √°reas hospitalarias p0"
37,11/4/2025 16:59,11/4/2025 17:20,anonymous,,17‚Äì19 a√±os,Femenino,1,Odontolog√≠a,Buena,No estoyy seguro/a,"Nuevos equipos tecnol√≥gicos y m√©dicos para la debida atenci√≥n de los pacientes, instalaciones de unidades higi√©nicas y mejoramiento de las infraestructuras de los hospitales como Bertha Calder√≥n ",Nunca,"S√≠, de manera parcial",Rayos X,Si,Disponibilidad de equipos;,Falta de medicamentos ,No hemos tenido pr√°cticas ;,No estoy seguro/aOption 3,3,Dar capacitaci√≥n a todo el personal de ciencias de las salud para brindar mejores atenciones y que sean eficientes 
38,11/4/2025 17:14,11/4/2025 17:20,anonymous,,17‚Äì19 a√±os,Femenino,2,T√©cnico Superior en Citolog√≠a Cervical,Muy buena,Si,Mejoraron varias partes,Muy frecuentemente,"S√≠, significativamente",Tomografia,Si,Tiempos de espera;,Nada.,Respiratorias;,Si,5,Nada todo bien
39,11/4/2025 17:08,11/4/2025 17:20,anonymous,,17‚Äì19 a√±os,Femenino,2,Licenciatura en Enfermer√≠a,Buena,Si,"Mayor adceso a servicio de salud para la atenci√≥n a paciente, Buena estructura y nuevas tecnolog√≠as ",Frecuentemente,"S√≠, significativamente",Computadora ,Si,Tiempos de espera;,La falta de equipos a utilizar ejem: aparatos de signos vitales y equipos quir√∫rgico ,"Cr√≥nicas (ej. diabetes, hipertensi√≥n);",Si,5,"Buena estructura, monitores de signos vitales y brindar buena comodidad al paciente "
40,11/4/2025 17:17,11/4/2025 17:22,anonymous,,17‚Äì19 a√±os,Femenino,2,Odontolog√≠a,Buena,Si,"Mejora de instalaciones, m√°s hospitales, m√°s atenciones m√©dica ",Frecuentemente,"S√≠, significativamente",Radiograf√≠as ,Parcialmente,Disponibilidad de equipos;,Atenci√≥n y rapidez en casos de emergencias ,Respiratorias;,Si,4,Mejorar la re√∫ses de atenci√≥n en situaciones cr√≥nicas 
41,11/4/2025 17:08,11/4/2025 17:25,anonymous,,17‚Äì19 a√±os,Masculino,2,Licenciatura en Anestesia y Reanimaci√≥n,Regular,Si,"Equipos nuevos, m√°s comodidad para los pacientes y hospitales modernos",Nunca,No estoy seguro/a,Equipos nuevos con lo que ya se hacen transfusi√≥n de √≥rganos y cirug√≠as de coraz√≥n ,No estoy seguro/a,Disponibilidad de equipos;,El tiempo de espera ,Mujeres embarazadas ;,Si,3,A tender m√°s r√°pido a los pacientes
42,11/4/2025 17:11,11/4/2025 17:26,anonymous,,17‚Äì19 a√±os,Femenino,1,Licenciatura en Optometr√≠a M√©dica,Muy buena,Si,"1. Construcci√≥n y rehabilitaci√≥n de hospitales y centros de salud en diferentes municipios.   2. Implementaci√≥n de equipos m√©dicos modernos como tom√≥grafos, laboratorios automatizados y unidades de cuidados intensivos.   3. Digitalizaci√≥n de los servicios hospitalarios mediante expedientes cl√≠nicos electr√≥nicos y sistemas de telemedicina.",Nunca,"S√≠, significativamente","La tele medicina  ,permite realizar consultas medicas a distancia ",Si,Disponibilidad de equipos;,"Persisten desaf√≠os como la capacitaci√≥n del personal, el mantenimiento adecuado de los equipos y las limitaciones en la conectividad digital.","A√∫n no he realizado pr√°cticas, pero seg√∫n lo aprendido en clases, algunas patolog√≠as comunes son miop√≠a, astigmatismo, conjuntivitis y ojo seco.;",Si,5,"Para modernizar los hospitales en Nicaragua se deben realizar recomendaciones en infraestructura y tecnolog√≠a, as√≠ como en la gesti√≥n y capacitaci√≥n del personal. Esto incluye la renovaci√≥n de instalaciones, la implementaci√≥n de sistemas de salud digital (como la telemedicina) y la optimizaci√≥n de procesos administrativos."
43,11/4/2025 17:18,11/4/2025 17:26,anonymous,,17‚Äì19 a√±os,Femenino,1,Licenciatura en Optometr√≠a M√©dica,Muy buena,Si," el Gobierno Revolucionario de Nicaragua en los √∫ltimos a√±os:  üè• Construcci√≥n y modernizaci√≥n de hospitales p√∫blicos: Se han edificado y remodelado hospitales en distintos departamentos del pa√≠s, como el Hospital Occidental de Managua ‚ÄúFernando V√©lez Paiz‚Äù, el Hospital de Chinandega ‚ÄúDr. Mauricio Abdalah‚Äù y el Hospital Regional de Nueva Segovia, con instalaciones m√°s amplias, seguras y equipadas tecnol√≥gicamente.  ‚öôÔ∏è Equipamiento con tecnolog√≠a m√©dica avanzada: Muchos centros de salud han recibido equipos modernos como tom√≥grafos, resonadores magn√©ticos, laboratorios automatizados y unidades de cuidados intensivos con mejor capacidad de monitoreo.  üåø Mejoras en infraestructura b√°sica y condiciones de atenci√≥n: Se han rehabilitado quir√≥fanos, √°reas de maternidad, salas de emergencia y se han implementado sistemas de climatizaci√≥n, agua potable y energ√≠a el√©ctrica estables, mejorando la comodidad y seguridad tanto de pacientes como del personal m√©dico. ",Nunca,"S√≠, significativamente",La telemedicina,Si,Disponibilidad de equipos;,Sobrecargas del personal de salud  ,"Cr√≥nicas (ej. diabetes, hipertensi√≥n);",Si,5,En Nueva infraestructura y alianzas con otras organizaciones para  la donaci√≥n de equipos  m√©dicos 
44,11/4/2025 17:07,11/4/2025 17:26,anonymous,,17‚Äì19 a√±os,Femenino,2,Licenciatura en Enfermer√≠a,Regular,Si,"Inauguraciones de nuevos hospitales, equipos nuevos y m√°s comodidad para los pacientes.",Nunca,No estoy seguro/a,"Microscopios, radiolog√≠a, m√°quina de anestesia, electrocardiograma, ultrasonido, radios X y monitores.",No estoy seguro/a,Disponibilidad de equipos;,La atenci√≥n durante los fines de semanas.,"Cr√≥nicas (ej. diabetes, hipertensi√≥n);",No estoy seguro/aOption 3,3,"Disminuir el tiempo de espera, m√°s en la costa caribe."
45,11/4/2025 17:20,11/4/2025 17:30,anonymous,,26 a√±os o m√°s,Femenino,3,Licenciatura en Bioan√°lisis Cl√≠nico,Buena,Si,"Salas de aire acondicionado,  camillas c√≥modas, con cielo razo",Nunca,"S√≠, significativamente","Electrocardiograma, an√°lisis de mama,  equipo automatizado en BHC",Si,Disponibilidad de equipos;,Equipo de salud sin compromiso al bienestar de pacientes ,Infecciosas;,Si,4,
46,11/4/2025 17:21,11/4/2025 17:30,anonymous,,17‚Äì19 a√±os,Femenino,2,T√©cnico Superior en Citolog√≠a Cervical,Muy deficiente,Si,La remuneraci√≥n,Frecuentemente,"S√≠, significativamente",Los equipos de diagnostico de alta tecnol√≥gicos,Si,Disponibilidad de equipos;Comodidad para pacientes;,Insuficientes de recursos financieros y humanos,"Cardiovasculares;Cr√≥nicas (ej. diabetes, hipertensi√≥n);",Si,5,Me parece un excelente trabaj√≥ departe del buen gobierno 
47,11/4/2025 17:22,11/4/2025 17:32,anonymous,,17‚Äì19 a√±os,Masculino,2,Doctor en Medicina y Cirug√≠a,Buena,No estoyy seguro/a,"Aumento de las camas hospitalarias, ampliaci√≥n de hospitales y la nueva implementacion de trasplantes en el LENIN FONSECA",A veces,"S√≠, significativamente",Resonancia Magnetica,Si,Disponibilidad de equipos;,Falta de camas hospitalarias ,Respiratorias;,Si,4,Escuchar al pueblo
48,11/4/2025 17:30,11/4/2025 17:35,anonymous,,17‚Äì19 a√±os,Femenino,1,Doctor en Medicina y Cirug√≠a,Muy buena,Si,Mejora de los hospitales ,Rara vez,"S√≠, significativamente",Equipos de imageniologia ,Si,Disponibilidad de equipos;,Las barreras en acceso de atenci√≥n ,"Cr√≥nicas (ej. diabetes, hipertensi√≥n);",Si,4,
49,11/4/2025 17:13,11/4/2025 17:35,anonymous,,17‚Äì19 a√±os,Femenino,2,Licenciatura en Microbiolog√≠a,Buena,No estoyy seguro/a,No he observado ya que no he tenido la oportunidad para verlas,Muy frecuentemente,"S√≠, significativamente",Pues no tengo mucho conocimiento hacia ello,Si,Disponibilidad de equipos;Tiempos de espera;Comodidad para pacientes;,Falta de medicamentos ,"Respiratorias;Infecciosas;Cardiovasculares;Cr√≥nicas (ej. diabetes, hipertensi√≥n);",No estoy seguro/aOption 3,4,Tratamiento m√°s limpieza 
50,11/4/2025 17:12,11/4/2025 17:35,anonymous,,17‚Äì19 a√±os,Femenino,2,Licenciatura en Microbiolog√≠a,Buena,No estoyy seguro/a,No he visto el cambio,Frecuentemente,No estoy seguro/a,No tengo informaci√≥n acerca de eso,Si,Disponibilidad de equipos;Tiempos de espera;,Falta de tratamiento,"Respiratorias;Infecciosas;Cr√≥nicas (ej. diabetes, hipertensi√≥n);Cefalea;",No estoy seguro/aOption 3,4,Tratamiento m√°s higiene del personal
51,11/4/2025 17:29,11/4/2025 17:35,anonymous,,23‚Äì25 a√±os,Masculino,3,Licenciatura en Enfermer√≠a,Deficiente,Si,Hospitales ,Frecuentemente,"S√≠, de manera parcial",Electrocardiograma ,Si,Acceso a expedientes digitales;,"Desaf√≠os de Calidad, Gesti√≥n y Costos","Cr√≥nicas (ej. diabetes, hipertensi√≥n);",Si,4,Mejorar la Gesti√≥n Hospitalaria y la Eficiencia Operativa
52,11/4/2025 17:32,11/4/2025 17:38,anonymous,,17‚Äì19 a√±os,Femenino,1,Licenciatura en Fisioterapia,Regular,No estoyy seguro/a,Hacerlo un poco m√°s grande ,Nunca,"S√≠, significativamente",MRI,Si,Comodidad para pacientes;,Incomprensible ,Respiratorias;,No,2,
53,11/4/2025 17:12,11/4/2025 17:44,anonymous,,17‚Äì19 a√±os,Femenino,2,Licenciatura en Microbiolog√≠a,Buena,No,"No s√©, no he tenido la oportunidad de asistir a los hospitales ",Frecuentemente,"S√≠, significativamente",Mecanismos automatizados para diagn√≥sticos m√°s r√°pidos,Si,Disponibilidad de equipos;,"Falta de tratamiento, falta de ex√°menes complementarios hormonales ",Respiratorias;Infecciosas;,Si,4,Ex√°menes especializados c√≥mo para medir hormonas que no se encuentran en el sector p√∫blico 
54,11/4/2025 17:39,11/4/2025 17:46,anonymous,,17‚Äì19 a√±os,Femenino,2,Licenciatura en Microbiolog√≠a,Buena,No,No se ,Nunca,No estoy seguro/a,No estoy segura ,Parcialmente,Comodidad para pacientes;,Falta de tratamiento ,Infecciosas;Respiratorias;,No estoy seguro/aOption 3,3,No estoy segura 
55,11/4/2025 17:43,11/4/2025 17:47,anonymous,,23‚Äì25 a√±os,Masculino,5,Doctor en Medicina y Cirug√≠a,Muy buena,Si,"Sala de hemato-oncologia HMMP, Consulta externa HBCR, √°rea de cardiolog√≠a HMMP",Muy frecuentemente,"S√≠, significativamente",Sistema fleming ,Si,Tiempos de espera;Disponibilidad de equipos;Comodidad para pacientes;Acceso a expedientes digitales;,A√∫n as√≠ hay fallas a nivel estructural en varios hospitales ,"Cr√≥nicas (ej. diabetes, hipertensi√≥n);Respiratorias;Infecciosas;",Si,5,
56,11/4/2025 17:42,11/4/2025 17:49,anonymous,,23‚Äì25 a√±os,Masculino,4,Doctor en Medicina y Cirug√≠a,Regular,No,"Hematooncologia, cardiolog√≠a, salas nuevas ",Muy frecuentemente,"S√≠, significativamente",Fleming ,Si,Comodidad para pacientes;Acceso a expedientes digitales;,Materiales de uso m√©dico ,"Cr√≥nicas (ej. diabetes, hipertensi√≥n);",Si,4,"Que les ense√±en a todos a usar los sistemas digitales, y que la pr√°ctica cl√≠nica sea Multidisciplinaria y docente."
57,11/4/2025 17:46,11/4/2025 17:50,anonymous,,23‚Äì25 a√±os,Masculino,3,Licenciatura en Enfermer√≠a,Regular,No,"nuevos quirofanos en hospital manolo, mejora hospital Fernando velez paiz y mejora en hospital aleman",Rara vez,"S√≠, de manera parcial",expedientes digitales ,Si,Disponibilidad de equipos;,poca organizaci√≥n y poco personal ,"Infecciosas;Respiratorias;Cardiovasculares;Cr√≥nicas (ej. diabetes, hipertensi√≥n);Traum√°ticas;",Si,3,
58,11/4/2025 17:46,11/4/2025 17:51,anonymous,,17‚Äì19 a√±os,Femenino,3,Licenciatura en Anestesia y Reanimaci√≥n,Buena,Si,1.Hospitales Nuevos ,Nunca,"S√≠, de manera parcial",M√°quinas de anestesia nuevas.,Parcialmente,Disponibilidad de equipos;,Hacer esperar a los pacientes ,Traum√°ticas;,Si,4,Crear  m√°s hospitales 
59,11/4/2025 17:46,11/4/2025 17:52,anonymous,,17‚Äì19 a√±os,Masculino,2,Licenciatura en Bioan√°lisis Cl√≠nico,Muy deficiente,Si,"Equipos, instrumentos,  espacios. ",A veces,"S√≠, de manera parcial",Resonancia Magn√©tica ,Si,Tiempos de espera;Comodidad para pacientes;Disponibilidad de equipos;,Organizaci√≥n ,"Cr√≥nicas (ej. diabetes, hipertensi√≥n);",Si,5,Mejoras en centros de salud en lugares rurales(comunidades y sectores).. 
60,11/4/2025 17:50,11/4/2025 17:52,anonymous,,17‚Äì19 a√±os,Femenino,3,Licenciatura en Bioan√°lisis Cl√≠nico,Buena,Si,"Salas de parto, salas de emergencia y ba√±os",Frecuentemente,"S√≠, significativamente",Expedientes digitales ,Si,Tiempos de espera;,Impaciencia de los pacientes ,"Cr√≥nicas (ej. diabetes, hipertensi√≥n);",Si,5,"Nada, que sigan mejorando "
61,11/4/2025 17:49,11/4/2025 17:53,anonymous,,17‚Äì19 a√±os,Masculino,2,Licenciatura en Microbiolog√≠a,Buena,Si,"Sistemas digitales, remodelaci√≥n de emergencias y acceso a nuevas m√°quinas de utilizaci√≥n microbiana ",Rara vez,"S√≠, de manera parcial",Dispositivos m√©dicos ,Si,Disponibilidad de equipos;,Pienso que ninguno porque hay mejor coordinaci√≥n con todo ,Infecciosas;,Si,5,Al parecer ninguna 
62,11/4/2025 17:50,11/4/2025 17:53,anonymous,,23‚Äì25 a√±os,Femenino,2,Licenciatura en Nutrici√≥n,Regular,No,Considero en la parte de medicina animal con nuestros animales nicarag√ºense ,A veces,"S√≠, significativamente",La detenci√≥n de c√°ncer ,Si,Comodidad para pacientes;,La rapida respuesta a mejorar el funcionamiento de r√°pida respuesta hacia nuestroa paciente ,Cardiovasculares;Respiratorias;Traum√°ticas;Infecciosas;,Si,3,
63,11/4/2025 17:53,11/4/2025 17:55,anonymous,,17‚Äì19 a√±os,Femenino,3,Licenciatura en Fisioterapia,Regular,Si,Espacio para los hospitalizados,Frecuentemente,"S√≠, significativamente",Radiolog√≠a ,Si,Acceso a expedientes digitales;,Atenci√≥n hospitalaria,Traum√°ticas;,Si,3,
64,11/4/2025 17:47,11/4/2025 17:55,anonymous,,17‚Äì19 a√±os,Femenino,4,Doctor en Medicina y Cirug√≠a,Regular,Si,"Sala de Hematooncologia HMMP, Unidad de Cuidados Intensivos HMMP, Centro Cardiol√≥gico Nacional ",Muy frecuentemente,"S√≠, significativamente",Sistema Galeno para pedir material ortopedico (protesis),Si,Tiempos de espera;Disponibilidad de equipos;Comodidad para pacientes;Acceso a expedientes digitales;,No todos saben usar los sistemas digitales (ej Fleming),"Cr√≥nicas (ej. diabetes, hipertensi√≥n);Cardiovasculares;Respiratorias;Infecciosas;Traum√°ticas;",Si,5,Dar talleres para ense√±ar a todo el personal a usar los sistemas m√©dicos digitales 
65,11/4/2025 17:56,11/4/2025 18:00,anonymous,,17‚Äì19 a√±os,Masculino,2,Doctor en Medicina y Cirug√≠a,Buena,Si,Ampliaciones y mejor acceso,Rara vez,"S√≠, de manera parcial",Imagenolog√≠a,Si,Comodidad para pacientes;,Empat√≠a por parte del personal de salud,"Cr√≥nicas (ej. diabetes, hipertensi√≥n);",Si,4,Que haya amor por lo que se hace.
66,11/4/2025 18:06,11/4/2025 18:12,anonymous,,17‚Äì19 a√±os,Femenino,3,Licenciatura en Anestesia y Reanimaci√≥n,Regular,No estoyy seguro/a,Sin seriamente nose,Muy frecuentemente,"S√≠, significativamente",Video laringoscopio y los DEA en las ambulancias ,Si,Disponibilidad de equipos;,La atenci√≥n laboral ,"Respiratorias;Traum√°ticas;Cr√≥nicas (ej. diabetes, hipertensi√≥n);Infecciosas;Cardiovasculares;",Si,3,Sinceramente nose
67,11/4/2025 18:09,11/4/2025 18:12,anonymous,,23‚Äì25 a√±os,Masculino,2,Licenciatura en Bioan√°lisis Cl√≠nico,Buena,Si,Ampl√≠a miento ,A veces,"S√≠, de manera parcial",Equipos de mejor tecnolog√≠a ,Parcialmente,Disponibilidad de equipos;Comodidad para pacientes;Acceso a expedientes digitales;,La saturaci√≥n de fechas y citas de pacientes ,"Infecciosas;Respiratorias;Cr√≥nicas (ej. diabetes, hipertensi√≥n);",Si,5,
68,11/4/2025 18:05,11/4/2025 18:13,anonymous,,17‚Äì19 a√±os,Femenino,4,Licenciatura en Bioan√°lisis Cl√≠nico,Regular,No estoyy seguro/a,Desconozco los cambios realizados,Muy frecuentemente,"S√≠, significativamente",Sistema de registros Delphy en los servicios transfusionales,Si,Disponibilidad de equipos;,Los tiempos de respuestas en la atenci√≥n ,"Respiratorias;Cardiovasculares;Infecciosas;Traum√°ticas;Cr√≥nicas (ej. diabetes, hipertensi√≥n);",Si,3,Mejorar la infraestructura hospitalaria 
69,11/4/2025 18:15,11/4/2025 18:18,anonymous,,17‚Äì19 a√±os,Masculino,1,Licenciatura en Fisioterapia,Buena,No estoyy seguro/a,La verdad no s√© que decir ,Frecuentemente,"S√≠, significativamente",No sabr√≠a que decir ,Si,Acceso a expedientes digitales,El sueldo,Traum√°ticas;Respiratorias;Infecciosas,Si,4,"Los sueldos, muchos se matan trabajando por el m√≠nimo siendo licenciados"
70,11/4/2025 18:13,11/4/2025 18:19,anonymous,,17‚Äì19 a√±os,Femenino,2,Licenciatura en Enfermer√≠a,Buena,Si,"Construcci√≥n de hospitales nuevos, adherencia a la tecnolog√≠a en los hospitales ",A veces,"S√≠, de manera parcial",El uso de computadora para los expedientes cl√≠nicos ,Si,Tiempos de espera;Acceso a expedientes digitales;Disponibilidad de equipos,El trato a los pacientes ,"Cr√≥nicas (ej. diabetes, hipertensi√≥n)",Si,4,
71,11/4/2025 18:05,11/4/2025 18:21,anonymous,,17‚Äì19 a√±os,Femenino,2,Licenciatura en Enfermer√≠a,Muy buena,Si,"Construcci√≥n y remodelaci√≥n de hospitales, mejora del equipamiento general , dotaci√≥n de equipos de alta tecnolog√≠a .",A veces,"S√≠, significativamente",Telemedicina.,Si,Disponibilidad de equipos," complejidad de la administraci√≥n, la adaptaci√≥n a las necesidades cambiantes de la poblaci√≥n (envejecimiento y demograf√≠a) y la brecha entre la r√°pida innovaci√≥n tecnol√≥gica y su asimilaci√≥n e integraci√≥n efectiva en los procesos.","Cr√≥nicas (ej. diabetes, hipertensi√≥n)",Si,1,"implementar sistemas de informaci√≥n y registros m√©dicos electr√≥nicos, mejorar la infraestructura tecnol√≥gica, capacitar y contratar m√°s personal, redise√±ar procesos, y priorizar la humanizaci√≥n de la atenci√≥n al paciente. "
72,11/4/2025 18:13,11/4/2025 18:22,anonymous,,17‚Äì19 a√±os,Masculino,2,Licenciatura en Microbiolog√≠a,Muy buena,Si,"Nuevas salas de recuperaci√≥n, salas de emergencia modernas y parqueo",Muy frecuentemente,"S√≠, significativamente",La de los expedientes digitales y la red del sistema para bacteriolog√≠a Fleming,Si,Acceso a expedientes digitales;Comodidad para pacientes;Disponibilidad de equipos,"El personal, muy reducido u algunos ineficientes ",Enfermedades por bacterias ;Respiratorias;Infecciosas,Si,5,Un personal de calidad 
73,11/4/2025 18:21,11/4/2025 18:24,anonymous,,17‚Äì19 a√±os,Femenino,3,Licenciatura en Enfermer√≠a,Deficiente,Si,No recuerdo,Frecuentemente,"S√≠, significativamente",Expedientes digitales,Si,Acceso a expedientes digitales;Comodidad para pacientes;Disponibilidad de equipos;Tiempos de espera,La actitud del personal,"Cr√≥nicas (ej. diabetes, hipertensi√≥n)",Si,4,
74,11/4/2025 18:23,11/4/2025 18:28,anonymous,,17‚Äì19 a√±os,Femenino,1,Licenciatura en Anestesia y Reanimaci√≥n,Buena,No estoyy seguro/a,El nuevo auditorio nuevos laboratorios para una mejor educaci√≥n ,Nunca,"S√≠, significativamente",No lo s√© ,Si,Comodidad para pacientes,No sabr√≠a responder ,No e tenido pr√°cticas,Si,3,Mejor atenci√≥n m√°s nada ya que hay muchos doctores que atienden de manera orrible o incluso enfermeras 
75,11/4/2025 18:22,11/4/2025 18:29,anonymous,,17‚Äì19 a√±os,Femenino,2,Licenciatura en Anestesia y Reanimaci√≥n,Deficiente,No estoyy seguro/a,"Construcci√≥n de m√°s hospitales p√∫blicos, para dar una mejor atenci√≥n al pueblo ",Nunca,No estoy seguro/a,Nose ,Parcialmente,Disponibilidad de equipos,La atenci√≥n al paciente ,"Cr√≥nicas (ej. diabetes, hipertensi√≥n)",Si,3,"Mejorar la antencion en cl√≠nicas de asegurados, centros de salud etc"
76,11/4/2025 18:26,11/4/2025 18:30,anonymous,,17‚Äì19 a√±os,Masculino,1,Licenciatura en Bioan√°lisis Cl√≠nico,Buena,No estoyy seguro/a,...,Frecuentemente,"S√≠, significativamente",...,Si,Comodidad para pacientes,...,Infecciosas,Si,4,
77,11/4/2025 18:00,11/4/2025 18:31,anonymous,,17‚Äì19 a√±os,Femenino,1,Licenciatura en Bioan√°lisis Cl√≠nico,Buena,Si,Construcci√≥n y ampliaci√≥n de la red hospitalaria Equipamiento moderno y servicios especializados Aumentaron notablemente las Unidades de Terapia Intensiva,Frecuentemente,"S√≠, de manera parcial",computadoras de alta tecnolog√≠a para los hospitales p√∫blicos,Parcialmente,Comodidad para pacientes,Escasez  de personal de salud ,Infecciosas,Si,3,"fortalecer la inversi√≥n en tecnolog√≠a y capacitaci√≥n del personal de salud, de forma equilibrada en todo el pa√≠s."
78,11/4/2025 18:33,11/4/2025 18:37,anonymous,,23‚Äì25 a√±os,Femenino,4,Odontolog√≠a,Buena,Si,"Laboratorios , Salas de labor y parto , ampliaci√≥n de varios Hospitales ",Muy frecuentemente,"S√≠, significativamente",Tom√≥grafo ,Si,Disponibilidad de equipos,La actitud del personal ,"Cr√≥nicas (ej. diabetes, hipertensi√≥n)",Si,5,
79,11/4/2025 18:37,11/4/2025 18:40,anonymous,,23‚Äì25 a√±os,Femenino,2,Licenciatura en Fisioterapia,Regular,No estoyy seguro/a,.,Rara vez,"S√≠, de manera parcial",.,Si,Tiempos de espera,.,Traum√°ticas,Si,3,.
80,11/4/2025 18:57,11/4/2025 19:02,anonymous,,17‚Äì19 a√±os,Masculino,2,Licenciatura en Anestesia y Reanimaci√≥n,Buena,Si,Mejores condiciones en las √°reas del quir√≥fano ,A veces,"S√≠, significativamente",Las m√°quinas de anestesia ,Si,Disponibilidad de equipos,Tiempo de espera para ser atendido ,Respiratorias,No,5,Ning√∫na 
81,11/4/2025 19:01,11/4/2025 19:08,anonymous,,17‚Äì19 a√±os,Masculino,2,Doctor en Medicina y Cirug√≠a,Deficiente,No,Mejores quir√≥fanos equipos y salas de espera ,Nunca,No ha mejorado,Expedientes digitales ,No,Disponibilidad de equipos,La poca disponibilidad de insumos b√°sicos como gasas vendas algod√≥n etc,"Respiratorias;Infecciosas;Cr√≥nicas (ej. diabetes, hipertensi√≥n)",Si,2,Disminuir la cantidad de tiempo que tiene que esperar el paciente para recibir una consulta y acortar el tiempo de citas 
82,11/4/2025 19:16,11/4/2025 19:19,anonymous,,17‚Äì19 a√±os,Femenino,3,Doctor en Medicina y Cirug√≠a,Buena,Si,"Mejoraron las paredes , nuevas √°reas de oncolog√≠a en el manolo",Frecuentemente,"S√≠, de manera parcial",Expedientes digitales,Parcialmente,Acceso a expedientes digitales,El tiempo de espera y la atenci√≥n al paciente ,"Cr√≥nicas (ej. diabetes, hipertensi√≥n);Respiratorias;Infecciosas;Cardiovasculares",Si,4,Atenci√≥n al paciente 
83,11/4/2025 19:18,11/4/2025 19:21,anonymous,,23‚Äì25 a√±os,Femenino,2,Doctor en Medicina y Cirug√≠a,Regular,Si,Pintura y paredes mejores,A veces,"S√≠, significativamente",Radiograf√≠a ,Si,Disponibilidad de equipos,Las largas filas y lo lento que se atiende porque hay poco personal ,"Cardiovasculares;Cr√≥nicas (ej. diabetes, hipertensi√≥n)",Si,4,Que haya m√°s tecnolog√≠a 
84,11/4/2025 19:22,11/4/2025 19:30,anonymous,,23‚Äì25 a√±os,Masculino,3,Licenciatura en Anestesia y Reanimaci√≥n,Buena,Si,Nuevos hospitales en las regiones de la costa caribe ,A veces,"S√≠, de manera parcial",Rayos X y ultrasonidos ,Parcialmente,Disponibilidad de equipos,La atenci√≥n dilatada es lo que m√°s persiste haciendo inconforme a los pacientes con sus consultas ,"Respiratorias;Infecciosas;Cr√≥nicas (ej. diabetes, hipertensi√≥n)",Si,4,Ofrecer mejor atenci√≥n a la poblaci√≥n Nicarag√ºense y un trato m√°s eficiente y satisfactorio para ellos 
85,11/4/2025 19:37,11/4/2025 19:42,anonymous,,17‚Äì19 a√±os,Masculino,2,Doctor en Medicina y Cirug√≠a,Muy buena,Si,Contrucci√≥n del auditorio H√©roes y m√°rtires  mejoras en la infraestructura de la biblioteca Salom√≥n de la selva ,Muy frecuentemente,"S√≠, significativamente",Actualizaci√≥n de informe en computadora ,Si,Acceso a expedientes digitales;Tiempos de espera;Disponibilidad de equipos;Comodidad para pacientes,Tiempo de espera ,"Infecciosas;Cardiovasculares;Respiratorias;Traum√°ticas;Cr√≥nicas (ej. diabetes, hipertensi√≥n)",Si,5,Disposici√≥n y dedicaci√≥n por parte del personal de salud 
86,11/4/2025 19:42,11/4/2025 19:45,anonymous,,17‚Äì19 a√±os,Prefiero no responder,2,Licenciatura en Microbiolog√≠a,Regular,No estoyy seguro/a,Vacunas y charlas de uso correcto de preservativo ,Rara vez,"S√≠, de manera parcial",Nos3,Parcialmente,No se,Mejorar,Infecciosas,No estoy seguro/aOption 3,2,Mejorar
87,11/4/2025 20:02,11/4/2025 20:10,anonymous,,17‚Äì19 a√±os,Masculino,3,Licenciatura en Microbiolog√≠a,Buena,Si,"Nuevos equipos autom√°ticos, nuevas √°reas en el campo de laboratorios ",Frecuentemente,"S√≠, de manera parcial","Al momento de la admisi√≥n para registro en el sistema, para luego ser atendido o valorado por elPersonal m√©dico del hospital ",Si,Disponibilidad de equipos,La demora o la tardanza a la hora de ser atendido por el personal de salud ,Infecciosas;Respiratorias,Si,4,Realizaci√≥n de m√°s √°reas de atenci√≥n de acuerdo a las diversas patolog√≠as 
88,11/4/2025 20:11,11/4/2025 20:18,anonymous,,17‚Äì19 a√±os,Masculino,2,Licenciatura en Nutrici√≥n,Regular,Si,Ni una ,Nunca,"S√≠, significativamente",Ni se ,Si,Tiempos de espera,Ni una ,"Infecciosas;Cr√≥nicas (ej. diabetes, hipertensi√≥n);Respiratorias",Si,4,El car√°cter de algunas personas 
89,11/4/2025 20:15,11/4/2025 20:20,anonymous,,17‚Äì19 a√±os,Masculino,4,Doctor en Medicina y Cirug√≠a,Muy buena,Si,"La Infraestructura, los equipos en quirofano, las ampliaci√≥n de sus servicios, nuevas camas, los nuevos monitores, las ambulancias",Muy frecuentemente,"S√≠, significativamente",Fleming,Si,Tiempos de espera,Ninguno ,"Cr√≥nicas (ej. diabetes, hipertensi√≥n)",Si,5,Por el momento no tengo recomendaciones 
90,11/4/2025 20:19,11/4/2025 20:24,anonymous,,17‚Äì19 a√±os,Masculino,2,T√©cnico Superior en Citolog√≠a Cervical,Buena,No estoyy seguro/a,"Cirug√≠a,",A veces,"S√≠, de manera parcial",Radiograf√≠a ,Si,Comodidad para pacientes,Todo est√° bien ,"Respiratorias;Cr√≥nicas (ej. diabetes, hipertensi√≥n)",Si,5,
91,11/4/2025 20:26,11/4/2025 20:30,anonymous,,17‚Äì19 a√±os,Masculino,2,Licenciatura en Anestesia y Reanimaci√≥n,Muy buena,Si,"remodolacion  , construction  y quirofanos",Rara vez,"S√≠, de manera parcial",las guias ,Si,Tiempos de espera,ser frecuente ,"Cr√≥nicas (ej. diabetes, hipertensi√≥n)",Si,5,salie adelante 
92,11/4/2025 20:23,11/4/2025 20:31,anonymous,,17‚Äì19 a√±os,Masculino,2,Licenciatura en Optometr√≠a M√©dica,Buena,No estoyy seguro/a,No s√© ,Nunca,No estoy seguro/a,No s√© ,No estoy seguro/a,Tiempos de espera,Organizaci√≥n ,Infecciosas,No estoy seguro/aOption 3,4,Tener m√°s consultorios 
93,11/4/2025 20:27,11/4/2025 20:31,anonymous,,17‚Äì19 a√±os,Femenino,2,Licenciatura en Microbiolog√≠a,Regular,Si,construcci√≥n y implementaron nueva tecnolog√≠a ,A veces,"S√≠, de manera parcial",uso de computadoras para el monitoreo de expediente cl√≠nicos ,Si,Tiempos de espera;Disponibilidad de equipos,trato hacia los pacientes ,Respiratorias;Infecciosas,Si,4,
94,11/4/2025 20:32,11/4/2025 20:36,anonymous,,23‚Äì25 a√±os,Femenino,2,Licenciatura en Enfermer√≠a,Buena,Si,Mejor atenci√≥n en los ni√±os. Ancianos ,Nunca,"S√≠, de manera parcial",Expedientes digitales Monitoreos,Parcialmente,Disponibilidad de equipos,Muy poco personal ,"Cr√≥nicas (ej. diabetes, hipertensi√≥n);Cardiovasculares;Infecciosas",Si,3,Mayor agilidad en atender a los pacientes y Tratamiento siempre disponibles 
95,11/4/2025 20:46,11/4/2025 20:55,anonymous,,17‚Äì19 a√±os,Femenino,2,Licenciatura en Bioan√°lisis Cl√≠nico,Buena,Si,Laboratorios nuevos ,Rara vez,"S√≠, de manera parcial",Expedientes en digital ,Si,Disponibilidad de equipos,El tiempo de espera para pasar consultas y el alargamiento de citas,"Cr√≥nicas (ej. diabetes, hipertensi√≥n)",Si,4,Capacitaci√≥n para la atenci√≥n del personal y para el manejo y cuido en general de nuevos espacios modernos y tecnolog√≠a para el trabajador. 
96,11/4/2025 20:58,11/4/2025 21:01,anonymous,,23‚Äì25 a√±os,Masculino,4,Licenciatura en Anestesia y Reanimaci√≥n,Buena,No estoyy seguro/a,"Mas medicamentos, mejor atenci√≥n, m√°s implementaci√≥n de equipos ",Rara vez,"S√≠, de manera parcial",Los videoscopios ,Parcialmente,Disponibilidad de equipos,Organizaci√≥n ,Traum√°ticas,Si,4,Mas insumos de bioseguridad
97,11/4/2025 21:25,11/4/2025 21:32,anonymous,,17‚Äì19 a√±os,Femenino,1,Licenciatura en Optometr√≠a M√©dica,Buena,Si,"1. Hospital Bertha Calder√≥n: Remodelaci√≥n de √°reas administrativas, techos, puertas y ventanas; mejora de luminarias y accesos, beneficiando a m√°s de 386‚ÄØ000 personas.   2. Hospital Manolo Morales Peralta: Instalaci√≥n de un nuevo sistema de climatizaci√≥n en quir√≥fanos para mejorar la calidad de las operaciones.   3. Red hospitalaria nacional (Managua): Inversi√≥n en infraestructura y equipamiento, incluyendo nuevos bloques de hospitalizaci√≥n, quir√≥fanos y √°reas de alta tecnolog√≠a.",Frecuentemente,"S√≠, de manera parcial",Expedientes cl√≠nicos electr√≥nicos (digitalizaci√≥n de historias m√©dicas).,Si,Disponibilidad de equipos,.Desigualdad en el acceso a la atenci√≥n,No eh ido,Si,3,Que trabajen por igualdad
98,11/4/2025 21:44,11/4/2025 21:48,anonymous,,23‚Äì25 a√±os,Prefiero no responder,2,Licenciatura en Enfermer√≠a,Regular,No estoyy seguro/a,Cambio En Camilla  ,Rara vez,No estoy seguro/a,Expediente Cl√≠nico ,No,Acceso a expedientes digitales,Ninguna ,"Respiratorias;Cr√≥nicas (ej. diabetes, hipertensi√≥n)",No,1,Cero M√≥vil Para Los M√©dicos 
99,11/4/2025 22:34,11/4/2025 22:38,anonymous,,23‚Äì25 a√±os,Masculino,4,Licenciatura en Fisioterapia,Regular,No estoyy seguro/a,Equipos de medio f√≠sicos ,A veces,"S√≠, de manera parcial",Electroterapia,Parcialmente,Comodidad para pacientes,La falta de actualizaci√≥n a los licenciados encargados del area,Traum√°ticas;Respiratorias;Cardiovasculares,Si,4,"Capacitar a los encargados de √°reas y as√≠ saber las √∫ltimos estudios y que mejor atenci√≥n darle a cada paciente, creando programas de intervenci√≥n personalizados a la lesi√≥n y no tratar el dolor "
100,11/4/2025 22:39,11/4/2025 22:44,anonymous,,17‚Äì19 a√±os,Femenino,4,Licenciatura en Enfermer√≠a,Buena,Si,el Nuevo hospital de Leon,Frecuentemente,"S√≠, de manera parcial",el uso del fleming?,Parcialmente,Acceso a expedientes digitales,no todo el personal de salud posee un computador y a la hora de aplicarlo en el hospital se le dificulta el manejo ,Traum√°ticas,Si,4,mas capacitaciones y reforzamiento a personas que se le dificulte
101,11/4/2025 22:42,11/4/2025 22:45,anonymous,,17‚Äì19 a√±os,Masculino,4,Doctor en Medicina y Cirug√≠a,Buena,Si,Sala de hemato oncolog√≠a ,Muy frecuentemente,"S√≠, significativamente",Tomograf√≠a ,Parcialmente,Acceso a expedientes digitales,Llevarlo a todo el pa√≠s y la capacitaci√≥n del personal ,"Cr√≥nicas (ej. diabetes, hipertensi√≥n)",Si,4,
102,11/4/2025 22:40,11/4/2025 22:45,anonymous,,17‚Äì19 a√±os,Masculino,3,Licenciatura en Enfermer√≠a,Buena,No estoyy seguro/a,  No estoy seguro ,A veces,"S√≠, de manera parcial",Resonancia magn√©tica ,Parcialmente,Acceso a expedientes digitales;Disponibilidad de equipos," Que no todos los hospitales cuentan con esa modernizaci√≥n y que las citas siempre son largas por causa de que hay poco equipos, pero todo es un proceso ","Cr√≥nicas (ej. diabetes, hipertensi√≥n);Infecciosas;Traum√°ticas",Si,4,"Implementar al aumento de estos equipos de forma equitativa en los hospitales, es decir que todos cuenten con est√°s tecnolog√≠as "
103,11/4/2025 22:43,11/4/2025 22:47,anonymous,,23‚Äì25 a√±os,Masculino,3,Doctor en Medicina y Cirug√≠a,Muy buena,Si,1. Mejores salas ,A veces,"S√≠, significativamente","Ex√°menes diagn√≥stico, m√°s salas, m√°s instrumentos de salud ",Si,Tiempos de espera,Las citas largas ,"Infecciosas;Cr√≥nicas (ej. diabetes, hipertensi√≥n)",Si,5,Major tiempo en los pacientes y reducir las citas 
104,11/4/2025 22:45,11/4/2025 22:52,anonymous,,17‚Äì19 a√±os,Femenino,2,Licenciatura en Nutrici√≥n,Buena,Si,1- Ampliaci√≥n de hospitales y centros de salud. 2- Modernizaci√≥n de equipos m√©dicos. 3- Mejoras en salas de emergencia y quirofanos ,Nunca,"S√≠, de manera parcial",Expediente clinico electr√≥nico ,Si,Tiempos de espera,Falta de personal especializado en algunas √°reas (por ejemplo en la √°rea de nutrici√≥n),Respiratorias,Si,4,
105,11/4/2025 22:58,11/4/2025 23:01,anonymous,,17‚Äì19 a√±os,Femenino,3,Doctor en Medicina y Cirug√≠a,Buena,No estoyy seguro/a,Mejoramiento en el edificio de Arlen Siu,Nunca,"S√≠, significativamente",.,Si,Acceso a expedientes digitales;Disponibilidad de equipos,.,"Cr√≥nicas (ej. diabetes, hipertensi√≥n)",No estoy seguro/aOption 3,4,.
106,11/4/2025 23:09,11/4/2025 23:20,anonymous,,17‚Äì19 a√±os,Masculino,3,Doctor en Medicina y Cirug√≠a,Buena,Si,Ampliaci√≥n del √°rea de emergencia en el HAN.2. ampliaci√≥n en la zona de hemodi√°lisis 3. Inauguraci√≥n de la sala de emergencia pedi√°tria en el a√±o 2024.,Rara vez,"S√≠, significativamente",Cl√≠nica m√≥vil ,Si,Disponibilidad de equipos,A veces la falta de empat√≠a ,"Cr√≥nicas (ej. diabetes, hipertensi√≥n)",Si,5,Que se sigan implementando proyectos en mejoras de las infraestructuras de los hospitales e instar al personal de salud a trabajar con la visi√≥n de tratar bien a los pacientes.
107,11/5/2025 9:53,11/5/2025 9:59,anonymous,,17‚Äì19 a√±os,Femenino,2,Licenciatura en Anestesia y Reanimaci√≥n,Muy buena,No estoyy seguro/a,Dar pr√°cticas desde primer a√±o. Maquinas de anestesia bien equipadas .,Frecuentemente,"S√≠, significativamente",Maquinas de anestesia m√°s equipadas,No estoy seguro/a,Disponibilidad de equipos,No se no he estado en situaci√≥n malas,Infecciosas,No estoy seguro/aOption 3,4,
108,11/5/2025 10:57,11/5/2025 11:03,anonymous,,23‚Äì25 a√±os,Masculino,2,Doctor en Medicina y Cirug√≠a,Buena,No estoyy seguro/a,"Contratar, capacitar y dar prioridad al personal sanitario",Nunca,"S√≠, de manera parcial",telemedicina,No estoy seguro/a,Disponibilidad de equipos,La adopci√≥n de tecnolog√≠a,"Cr√≥nicas (ej. diabetes, hipertensi√≥n)",Si,4,
109,11/5/2025 15:18,11/5/2025 15:24,anonymous,,23‚Äì25 a√±os,Masculino,2,Licenciatura en Anestesia y Reanimaci√≥n,Muy buena,Si,"Nuevos edificios hospitalarios, nuevas salas de recuperaci√≥n, ampliaci√≥n de Quir√≥fanos.",Frecuentemente,"S√≠, significativamente",Digitalizaci√≥n de facturas m√©dicas ,Si,Disponibilidad de equipos,Car√°cter del personal,"Cr√≥nicas (ej. diabetes, hipertensi√≥n)",Si,5,Un personal m√°s emp√°tico.
110,11/5/2025 15:21,11/5/2025 15:34,anonymous,,23‚Äì25 a√±os,Femenino,4,Licenciatura en Enfermer√≠a,Deficiente,Si,Las √°reas para algunas patolog√≠as que antes no exist√≠an tratarlas ,A veces,"S√≠, de manera parcial",Telemedicina,Si,Disponibilidad de equipos,El car√°cter del cuidado humanizado del personal del hospital ,"Cr√≥nicas (ej. diabetes, hipertensi√≥n)",Si,4,MAS INCREMENTO DE APARATOS HOSPITALARIOS
